1,Peter,Porter,573-087-6955
2,Annie,Roberts,813-590-5792
3,Patrick,Harper,339-928-0964
4,Stephanie,Wallace,691-214-3605
5,Julia,Hudson,248-930-7169
6,Adam,Hall,283-682-3918
7,Walter,Torres,057-609-8065
8,Christina,Holmes,549-098-7794
9,Matthew,Rivera,596-026-6500
10,Sarah,Kelley,394-316-1998
11,Raymond,Castillo,172-912-9969
12,Stephanie,Carroll,514-950-3541
13,Judith,Burns,135-212-1058
14,Debra,Murphy,267-788-6554
15,Amy,White,424-577-4406
16,Annie,Lynch,587-330-6137
17,Richard,Bailey,730-941-4623
18,Ann,Elliott,587-823-5595
19,Nicholas,Spencer,046-850-7598
20,Earl,Lee,342-826-0023
21,Walter,Kim,211-629-9126
22,Doris,Hudson,029-894-3808
23,Phillip,Sanders,663-078-4759
24,Ruby,Fields,730-900-6216
25,Ruby,Banks,709-646-3456
26,Harold,Griffin,800-402-2522
27,Amanda,Gutierrez,985-163-2792
28,Sharon,Snyder,081-671-3873
29,Todd,Bailey,122-415-4836
30,Jacqueline,Williamson,216-081-2149
31,Craig,Gray,548-943-4746
32,Scott,Alvarez,291-427-1117
33,Richard,Diaz,705-108-3234
34,Christine,Matthews,615-100-7598
35,Keith,Phillips,205-860-8844
36,Thomas,Montgomery,336-576-6570
37,Emily,Riley,885-962-2477
38,George,Richardson,822-321-9718
39,Aaron,Cooper,766-185-7102
40,Kenneth,Gordon,114-068-3611
41,Howard,Mason,914-525-0227
42,Adam,Torres,937-978-4917
43,Diana,Ramos,316-715-7974
44,Patricia,Stephens,392-032-8132
45,Teresa,Cox,955-515-3735
46,Donald,Gonzalez,426-081-5096
47,Carol,Wallace,926-590-6428
48,Jeffrey,Snyder,735-362-4990
49,Robin,White,360-719-8104
50,Paul,Larson,776-176-2660
51,Adam,Williamson,751-201-6422
52,Gary,Sims,327-260-4698
53,Harold,Cruz,387-808-2981
54,Anne,Williamson,859-236-9449
55,Russell,Little,339-964-7932
56,Daniel,Peterson,648-861-6661
57,Steve,Alexander,200-784-4493
58,Daniel,Willis,941-462-1658
59,George,Lawson,846-885-6232
60,James,Burns,065-182-9911
61,Marilyn,Griffin,667-290-2077
62,Albert,Martin,230-272-1487
63,Raymond,Dean,320-402-8819
64,Jeffrey,Ryan,283-821-6337
65,Gary,Brooks,925-411-2256
66,Mark,Wells,816-623-9540
67,Martha,Bell,213-467-8396
68,Roy,Spencer,052-379-6148
69,Jeffrey,Andrews,248-654-8407
70,Alice,Torres,773-818-4139
71,Ruth,Shaw,832-523-2783
72,Michael,Medina,918-846-5953
73,Clarence,Burke,529-234-5077
74,Susan,Gilbert,674-238-4449
75,Andrew,Franklin,204-876-1079
76,Jesse,Lee,584-263-2975
77,Ryan,Frazier,184-817-7352
78,Gregory,Cook,174-891-0753
79,Arthur,Miller,527-204-0268
80,Ruby,Hayes,388-683-2015
81,Kathryn,Fox,206-961-2224
82,Patricia,Perez,319-691-0371
83,Pamela,Knight,145-942-0890
84,Joseph,Washington,939-441-6504
85,Carlos,Hernandez,178-151-0744
86,Donna,Spencer,667-714-6940
87,Paula,Gardner,328-508-0810
88,Theresa,Riley,720-456-0542
89,Peter,Burton,261-277-4866
90,Lori,Reynolds,535-892-2177
91,Andrew,Armstrong,914-293-6305
92,Aaron,Crawford,199-388-1479
93,Mark,Cruz,836-868-7339
94,Timothy,Wagner,170-938-0248
95,Mary,Gomez,636-463-2531
96,Helen,Allen,919-554-7338
97,Victor,Rice,142-646-0508
98,Margaret,Austin,020-076-6606
99,Jack,Bennett,134-929-7331
100,Sean,Schmidt,947-279-7919
