1,Cheryl,Garza,780-510-4105
2,Andrew,Cook,279-526-9317
3,Douglas,Rose,361-603-6498
4,Diana,Harper,797-547-5078
5,Chris,Romero,415-219-8149
6,Patrick,Day,975-244-2755
7,Teresa,Marshall,679-518-7942
8,Robert,Greene,471-527-8971
9,Ronald,George,900-388-8760
10,Marie,Carr,475-242-7259
11,Stephanie,Flores,860-529-0906
12,Phillip,Sanders,906-247-4623
13,Alan,Foster,384-062-9903
14,Benjamin,Duncan,478-111-7894
15,Sarah,Nelson,751-735-9203
16,Maria,Rodriguez,113-774-6780
17,Marie,Ellis,436-254-0821
18,Sean,Wagner,572-658-0256
19,Matthew,Harris,496-455-4615
20,Melissa,Brooks,753-153-4272
21,Steve,Ray,616-037-8694
22,Diane,Patterson,250-124-2117
23,Joseph,Gibson,804-049-0716
24,Jeremy,Nichols,890-977-7573
25,Bobby,Fisher,603-881-9578
26,Jean,Cunningham,129-888-0119
27,Jean,Gordon,563-481-9299
28,Chris,Dunn,814-021-9797
29,Bonnie,Castillo,933-582-0986
30,Earl,Smith,020-563-7077
31,Susan,Bowman,752-494-8259
32,Adam,Russell,304-438-4746
33,Thomas,Duncan,396-757-4126
34,Angela,Cunningham,636-080-5898
35,Barbara,Gilbert,974-333-0490
36,Arthur,Hansen,687-811-2829
37,Patrick,Richards,207-769-3006
38,Daniel,Gilbert,697-398-0119
39,Betty,Anderson,980-329-1956
40,Anna,Chavez,601-174-1478
41,David,Romero,565-724-4673
42,Cheryl,Henderson,554-743-7662
43,Billy,Fernandez,000-693-5678
44,Betty,Ross,682-671-4870
45,Jerry,Davis,128-895-9106
46,Harold,Gordon,262-332-3769
47,Jack,Foster,704-549-1211
48,Bobby,Simpson,577-556-2566
49,Matthew,Adams,903-957-8428
50,Gloria,Harper,548-170-4953
51,Randy,Mason,932-104-0049
52,Janice,Stevens,763-520-7809
53,Albert,Ford,503-353-4115
54,Craig,Perkins,783-546-1185
55,Paul,Robertson,669-669-9996
56,Willie,Harvey,222-313-4330
57,Jason,Mendoza,182-408-7537
58,Virginia,Jacobs,027-844-7526
59,Anne,Collins,553-886-0525
60,George,Harvey,538-058-9071
61,Roy,Ryan,463-198-4623
62,Melissa,Moreno,258-819-7538
63,George,Rodriguez,046-276-0993
64,Daniel,Stanley,322-867-8445
65,Ashley,Olson,613-370-3130
66,Ernest,Foster,537-852-5805
67,Patrick,Cooper,013-571-4007
68,Rachel,Little,056-043-9556
69,Rose,Reid,678-700-7878
70,Robin,Romero,390-648-9298
71,Ralph,Kim,471-067-2264
72,Joe,Morales,547-129-4584
73,Craig,Bishop,081-179-3612
74,Linda,Bowman,829-527-2617
75,Wayne,Warren,499-096-6855
76,Marilyn,Lopez,422-234-4726
77,Kathryn,Andrews,789-811-5596
78,Bonnie,Stephens,038-099-8655
79,Larry,Grant,821-109-6217
80,Elizabeth,Robinson,998-434-9748
81,Jonathan,Williams,493-199-9303
82,Cheryl,Perez,175-783-0577
83,Carol,Taylor,266-864-3891
84,Catherine,Banks,480-865-2891
85,Brenda,Dixon,388-630-8703
86,Cynthia,Morales,743-725-3791
87,Randy,Mitchell,261-571-9473
88,Samuel,Richardson,779-812-2969
89,Shawn,Lewis,214-539-0208
90,Gerald,Bishop,604-116-6305
91,Carol,Campbell,368-542-9139
92,Ronald,Flores,378-764-5028
93,Jason,Bishop,744-177-7808
94,George,Wilson,562-495-2850
95,Karen,Butler,328-490-4361
96,Lillian,Austin,596-077-5071
97,Johnny,Watson,355-078-1626
98,Kevin,Olson,930-942-0159
99,Linda,Mills,180-114-7067
100,Brian,Reed,529-738-1070
